product_name,short_description,description,recommended_price,stock,insurance_label,upgrade_source_type,upgrade_target,market_lowest_usd,market_listing_count,cheapest_seller,our_cost_usd,margin_usd,from_ship,to_ship,insurance_months,from_msrp,to_msrp
Upgrade - Railen to 400i Warbond Edition,"CCU: Railen → 400i | 120-mo ins. | Unapplied, instant gift after payment.","Cross-Chassis Upgrade (CCU) | Railen → 400i

Type: Warbond Edition — purchased directly with real money (not store credit)
Insurance: 120-Month Insurance
Condition: Unapplied — ready to gift
Transfer: Safe, instant gift on Star Hangar after payment confirmation

This CCU converts your pledged Railen into a 400i without losing your existing insurance or perks.
All sales are final. Gift sent within minutes of confirmed payment.",9.98,4,120 months,warbond,400i,10.98,9,"Seller: ElectricusSC
                            
                                                                                                                            
                                        
        
        
            
            
                What's this?
                Customers rate this seller 4.5+ out of 5 on average, based on at least 50 ratings.
            
        
    
    
        
        
            
            
                What's this?
                Delivery is guaranteed within 24 hours. This seller averages under 4 hours across 10+ recent orders.",5.00,4.98,Railen,400i,120,225,250
Upgrade - Prowler to 600i Explorer Warbond Edition,"CCU: Prowler → 600i Explorer | 120-mo ins. | Unapplied, instant gift after payment.","Cross-Chassis Upgrade (CCU) | Prowler → 600i Explorer

Type: Warbond Edition — purchased directly with real money (not store credit)
Insurance: 120-Month Insurance
Condition: Unapplied — ready to gift
Transfer: Safe, instant gift on Star Hangar after payment confirmation

This CCU converts your pledged Prowler into a 600i Explorer without losing your existing insurance or perks.
All sales are final. Gift sent within minutes of confirmed payment.",14.99,1,120 months,warbond,600i Explorer,15.99,3,Seller: Razers Real Dealz,5.00,9.99,Prowler,600i Explorer,120,440,475
Upgrade - Prowler to 600i Explorer Warbond Edition,"CCU: Prowler → 600i Explorer | 120-mo ins. | Unapplied, instant gift after payment.","Cross-Chassis Upgrade (CCU) | Prowler → 600i Explorer

Type: Warbond Edition — purchased directly with real money (not store credit)
Insurance: 120-Month Insurance
Condition: Unapplied — ready to gift
Transfer: Safe, instant gift on Star Hangar after payment confirmation

This CCU converts your pledged Prowler into a 600i Explorer without losing your existing insurance or perks.
All sales are final. Gift sent within minutes of confirmed payment.",14.99,1,120 months,warbond,600i Explorer,15.99,3,Seller: Razers Real Dealz,5.00,9.99,Prowler,600i Explorer,120,440,475
Upgrade - Sabre to A1 Spirit  Standard Edition,"CCU: Sabre → A1 Spirit | Unapplied, instant gift after payment.","Cross-Chassis Upgrade (CCU) | Sabre → A1 Spirit

Type: Standard Edition
Insurance: No Insurance
Condition: Unapplied — ready to gift
Transfer: Safe, instant gift on Star Hangar after payment confirmation

This CCU converts your pledged Sabre into a A1 Spirit without losing your existing insurance or perks.
All sales are final. Gift sent within minutes of confirmed payment.",20.94,2,no ins.,regular,A1 Spirit,21.94,8,"Seller: Stanton Shipyard
                            
                                                                                                                            
                                        
        
        
            
            
                What's this?
                Customers rate this seller 4.5+ out of 5 on average, based on at least 50 ratings.",5.00,15.94,Sabre,A1 Spirit,0,175,200
Upgrade - Merchantman to A2 Hercules Warbond Edition,"CCU: Merchantman → A2 Hercules | 120-mo ins. | Unapplied, instant gift after payment.","Cross-Chassis Upgrade (CCU) | Merchantman → A2 Hercules

Type: Warbond Edition — purchased directly with real money (not store credit)
Insurance: 120-Month Insurance
Condition: Unapplied — ready to gift
Transfer: Safe, instant gift on Star Hangar after payment confirmation

This CCU converts your pledged Merchantman into a A2 Hercules without losing your existing insurance or perks.
All sales are final. Gift sent within minutes of confirmed payment.",43.80,1,120 months,warbond,A2 Hercules,44.80,9,"Seller: Bazar
                            
                                                                                                                            
                                        
        
        
            
            
                What's this?
                Customers rate this seller 4.5+ out of 5 on average, based on at least 50 ratings.
            
        
    
    
        
        
            
            
                What's this?
                Delivery is guaranteed within 24 hours. This seller averages under 4 hours across 10+ recent orders.
            
        
    
    
        
        
            
            
                What's this?
                Crown-rated seller: 4.8+ average customer rating and under 2h average delivery time. Delivery is guaranteed within 24 hours.",25.00,18.80,Merchantman,A2 Hercules,120,650,750
Upgrade - Mercury to Apollo Medivac Standard Edition,"CCU: Mercury → Apollo Medivac | Unapplied, instant gift after payment.","Cross-Chassis Upgrade (CCU) | Mercury → Apollo Medivac

Type: Standard Edition
Insurance: No Insurance
Condition: Unapplied — ready to gift
Transfer: Safe, instant gift on Star Hangar after payment confirmation

This CCU converts your pledged Mercury into a Apollo Medivac without losing your existing insurance or perks.
All sales are final. Gift sent within minutes of confirmed payment.",20.00,4,no ins.,regular,Apollo Medivac,21.00,10,Seller: Humble Provisions,15.00,5.00,Mercury,Apollo Medivac,0,260,290
Upgrade - Constellation Andromeda to Apollo Triage Standard Edition,"CCU: Constellation Andromeda → Apollo Triage | Unapplied, instant gift after payment.","Cross-Chassis Upgrade (CCU) | Constellation Andromeda → Apollo Triage

Type: Standard Edition
Insurance: No Insurance
Condition: Unapplied — ready to gift
Transfer: Safe, instant gift on Star Hangar after payment confirmation

This CCU converts your pledged Constellation Andromeda into a Apollo Triage without losing your existing insurance or perks.
All sales are final. Gift sent within minutes of confirmed payment.",12.80,1,no ins.,regular,Apollo Triage,13.80,8,Seller: Humble Provisions,10.00,2.80,Constellation Andromeda,Apollo Triage,0,240,260
Upgrade - Railen to Ares Inferno  Warbond Edition,"CCU: Railen → Ares Inferno | 120-mo ins. | Unapplied, instant gift after payment.","Cross-Chassis Upgrade (CCU) | Railen → Ares Inferno

Type: Warbond Edition — purchased directly with real money (not store credit)
Insurance: 120-Month Insurance
Condition: Unapplied — ready to gift
Transfer: Safe, instant gift on Star Hangar after payment confirmation

This CCU converts your pledged Railen into a Ares Inferno without losing your existing insurance or perks.
All sales are final. Gift sent within minutes of confirmed payment.",34.90,1,120 months,warbond,Ares Inferno,35.90,3,"Seller: Stanton Shipyard
                            
                                                                                                                            
                                        
        
        
            
            
                What's this?
                Customers rate this seller 4.5+ out of 5 on average, based on at least 50 ratings.",10.00,24.90,Railen,Ares Inferno,120,225,250
Upgrade - Scorpius Antares to Ares Inferno  Warbond Edition,"CCU: Scorpius Antares → Ares Inferno | 120-mo ins. | Unapplied, instant gift after payment.","Cross-Chassis Upgrade (CCU) | Scorpius Antares → Ares Inferno

Type: Warbond Edition — purchased directly with real money (not store credit)
Insurance: 120-Month Insurance
Condition: Unapplied — ready to gift
Transfer: Safe, instant gift on Star Hangar after payment confirmation

This CCU converts your pledged Scorpius Antares into a Ares Inferno without losing your existing insurance or perks.
All sales are final. Gift sent within minutes of confirmed payment.",7.00,3,120 months,warbond,Ares Inferno,8.00,8,"Seller: SCTradersCorp
                            
                                                                                                                            
                                        
        
        
            
            
                What's this?
                Customers rate this seller 4.5+ out of 5 on average, based on at least 50 ratings.
            
        
    
    
        
        
            
            
                What's this?
                Delivery is guaranteed within 24 hours. This seller averages under 4 hours across 10+ recent orders.",5.00,2.00,Scorpius Antares,Ares Inferno,120,230,250
Upgrade - MOLE to Asgard Warbond Edition,"CCU: MOLE → Asgard | 120-mo ins. | Unapplied, instant gift after payment.","Cross-Chassis Upgrade (CCU) | MOLE → Asgard

Type: Warbond Edition — purchased directly with real money (not store credit)
Insurance: 120-Month Insurance
Condition: Unapplied — ready to gift
Transfer: Safe, instant gift on Star Hangar after payment confirmation

This CCU converts your pledged MOLE into a Asgard without losing your existing insurance or perks.
All sales are final. Gift sent within minutes of confirmed payment.",23.99,2,120 months,warbond,Asgard,24.99,8,"Seller: WildKarrdes Emporium
                            
                                                                                                                            
                                        
        
        
            
            
                What's this?
                Customers rate this seller 4.5+ out of 5 on average, based on at least 50 ratings.
            
        
    
    
        
        
            
            
                What's this?
                Delivery is guaranteed within 24 hours. This seller averages under 4 hours across 10+ recent orders.",10.00,13.99,MOLE,Asgard,120,315,350
Upgrade - Eclipse to Caterpillar Warbond Edition,"CCU: Eclipse → Caterpillar | 120-mo ins. | Unapplied, instant gift after payment.","Cross-Chassis Upgrade (CCU) | Eclipse → Caterpillar

Type: Warbond Edition — purchased directly with real money (not store credit)
Insurance: 120-Month Insurance
Condition: Unapplied — ready to gift
Transfer: Safe, instant gift on Star Hangar after payment confirmation

This CCU converts your pledged Eclipse into a Caterpillar without losing your existing insurance or perks.
All sales are final. Gift sent within minutes of confirmed payment.",41.04,2,120 months,warbond,Caterpillar,42.04,8,"Seller: Star Ship Shop
                            
                                                                                                                            
                                        
        
        
            
            
                What's this?
                Customers rate this seller 4.5+ out of 5 on average, based on at least 50 ratings.
            
        
    
    
        
        
            
            
                What's this?
                Delivery is guaranteed within 24 hours. This seller averages under 4 hours across 10+ recent orders.
            
        
    
    
        
        
            
            
                What's this?
                Crown-rated seller: 4.8+ average customer rating and under 2h average delivery time. Delivery is guaranteed within 24 hours.",5.00,36.04,Eclipse,Caterpillar,120,300,330
Upgrade - Vanguard Sentinel to Constellation Aquila Warbond Edition,"CCU: Vanguard Sentinel → Constellation Aquila | 120-mo ins. | Unapplied, instant gift after payment.","Cross-Chassis Upgrade (CCU) | Vanguard Sentinel → Constellation Aquila

Type: Warbond Edition — purchased directly with real money (not store credit)
Insurance: 120-Month Insurance
Condition: Unapplied — ready to gift
Transfer: Safe, instant gift on Star Hangar after payment confirmation

This CCU converts your pledged Vanguard Sentinel into a Constellation Aquila without losing your existing insurance or perks.
All sales are final. Gift sent within minutes of confirmed payment.",27.99,5,120 months,warbond,Constellation Aquila,28.99,4,Seller: DocsCosmicShop,15.00,12.99,Vanguard Sentinel,Constellation Aquila,120,275,315
Upgrade - Constellation Aquila to Constellation Phoenix Emerald Standard Edition,"CCU: Constellation Aquila → Constellation Phoenix Emerald | Unapplied, instant gift after payment.","Cross-Chassis Upgrade (CCU) | Constellation Aquila → Constellation Phoenix Emerald

Type: Standard Edition
Insurance: No Insurance
Condition: Unapplied — ready to gift
Transfer: Safe, instant gift on Star Hangar after payment confirmation

This CCU converts your pledged Constellation Aquila into a Constellation Phoenix Emerald without losing your existing insurance or perks.
All sales are final. Gift sent within minutes of confirmed payment.",53.48,1,no ins.,regular,Constellation Phoenix Emerald,54.48,6,"Seller: Deonlydon
                            
                                                                                                                            
                                        
        
        
            
            
                What's this?
                Customers rate this seller 4.5+ out of 5 on average, based on at least 50 ratings.
            
        
    
    
        
        
            
            
                What's this?
                Delivery is guaranteed within 24 hours. This seller averages under 4 hours across 10+ recent orders.",35.00,18.48,Constellation Aquila,Constellation Phoenix Emerald,0,315,350
Upgrade - Vulture to Constellation Taurus Warbond Edition,"CCU: Vulture → Constellation Taurus | 120-mo ins. | Unapplied, instant gift after payment.","Cross-Chassis Upgrade (CCU) | Vulture → Constellation Taurus

Type: Warbond Edition — purchased directly with real money (not store credit)
Insurance: 120-Month Insurance
Condition: Unapplied — ready to gift
Transfer: Safe, instant gift on Star Hangar after payment confirmation

This CCU converts your pledged Vulture into a Constellation Taurus without losing your existing insurance or perks.
All sales are final. Gift sent within minutes of confirmed payment.",28.99,2,120 months,warbond,Constellation Taurus,29.99,4,Seller: DocsCosmicShop,10.00,18.99,Vulture,Constellation Taurus,120,175,200
Upgrade - Defender to Corsair Warbond Edition,"CCU: Defender → Corsair | 120-mo ins. | Unapplied, instant gift after payment.","Cross-Chassis Upgrade (CCU) | Defender → Corsair

Type: Warbond Edition — purchased directly with real money (not store credit)
Insurance: 120-Month Insurance
Condition: Unapplied — ready to gift
Transfer: Safe, instant gift on Star Hangar after payment confirmation

This CCU converts your pledged Defender into a Corsair without losing your existing insurance or perks.
All sales are final. Gift sent within minutes of confirmed payment.",18.97,6,120 months,warbond,Corsair,19.97,10,"Seller: NORDIC SHIP SHOP
                            
                                                                                                                            
                                        
        
        
            
            
                What's this?
                Customers rate this seller 4.5+ out of 5 on average, based on at least 50 ratings.
            
        
    
    
        
        
            
            
                What's this?
                Delivery is guaranteed within 24 hours. This seller averages under 4 hours across 10+ recent orders.",10.00,8.97,Defender,Corsair,120,220,250
Upgrade - Railen to Corsair Warbond Edition,"CCU: Railen → Corsair | 120-mo ins. | Unapplied, instant gift after payment.","Cross-Chassis Upgrade (CCU) | Railen → Corsair

Type: Warbond Edition — purchased directly with real money (not store credit)
Insurance: 120-Month Insurance
Condition: Unapplied — ready to gift
Transfer: Safe, instant gift on Star Hangar after payment confirmation

This CCU converts your pledged Railen into a Corsair without losing your existing insurance or perks.
All sales are final. Gift sent within minutes of confirmed payment.",11.56,2,120 months,warbond,Corsair,12.56,8,"Seller: ElectricusSC
                            
                                                                                                                            
                                        
        
        
            
            
                What's this?
                Customers rate this seller 4.5+ out of 5 on average, based on at least 50 ratings.
            
        
    
    
        
        
            
            
                What's this?
                Delivery is guaranteed within 24 hours. This seller averages under 4 hours across 10+ recent orders.",5.00,6.56,Railen,Corsair,120,225,250
Upgrade - Defender to Corsair Warbond Edition,"CCU: Defender → Corsair | 120-mo ins. | Unapplied, instant gift after payment.","Cross-Chassis Upgrade (CCU) | Defender → Corsair

Type: Warbond Edition — purchased directly with real money (not store credit)
Insurance: 120-Month Insurance
Condition: Unapplied — ready to gift
Transfer: Safe, instant gift on Star Hangar after payment confirmation

This CCU converts your pledged Defender into a Corsair without losing your existing insurance or perks.
All sales are final. Gift sent within minutes of confirmed payment.",18.97,2,120 months,warbond,Corsair,19.97,10,"Seller: NORDIC SHIP SHOP
                            
                                                                                                                            
                                        
        
        
            
            
                What's this?
                Customers rate this seller 4.5+ out of 5 on average, based on at least 50 ratings.
            
        
    
    
        
        
            
            
                What's this?
                Delivery is guaranteed within 24 hours. This seller averages under 4 hours across 10+ recent orders.",10.00,8.97,Defender,Corsair,120,220,250
Upgrade - Terrapin to Corsair Warbond Edition,"CCU: Terrapin → Corsair | 120-mo ins. | Unapplied, instant gift after payment.","Cross-Chassis Upgrade (CCU) | Terrapin → Corsair

Type: Warbond Edition — purchased directly with real money (not store credit)
Insurance: 120-Month Insurance
Condition: Unapplied — ready to gift
Transfer: Safe, instant gift on Star Hangar after payment confirmation

This CCU converts your pledged Terrapin into a Corsair without losing your existing insurance or perks.
All sales are final. Gift sent within minutes of confirmed payment.",18.00,1,120 months,warbond,Corsair,19.00,9,"Seller: The Shipyard
                            
                                                                                                                            
                                        
        
        
            
            
                What's this?
                Customers rate this seller 4.5+ out of 5 on average, based on at least 50 ratings.
            
        
    
    
        
        
            
            
                What's this?
                Delivery is guaranteed within 24 hours. This seller averages under 4 hours across 10+ recent orders.",10.00,8.00,Terrapin,Corsair,120,220,250
Upgrade - Terrapin to Corsair Warbond Edition,"CCU: Terrapin → Corsair | 120-mo ins. | Unapplied, instant gift after payment.","Cross-Chassis Upgrade (CCU) | Terrapin → Corsair

Type: Warbond Edition — purchased directly with real money (not store credit)
Insurance: 120-Month Insurance
Condition: Unapplied — ready to gift
Transfer: Safe, instant gift on Star Hangar after payment confirmation

This CCU converts your pledged Terrapin into a Corsair without losing your existing insurance or perks.
All sales are final. Gift sent within minutes of confirmed payment.",18.00,1,120 months,warbond,Corsair,19.00,9,"Seller: The Shipyard
                            
                                                                                                                            
                                        
        
        
            
            
                What's this?
                Customers rate this seller 4.5+ out of 5 on average, based on at least 50 ratings.
            
        
    
    
        
        
            
            
                What's this?
                Delivery is guaranteed within 24 hours. This seller averages under 4 hours across 10+ recent orders.",5.00,13.00,Terrapin,Corsair,120,220,250
Upgrade - Vulcan to Corsair Standard Edition,"CCU: Vulcan → Corsair | Unapplied, instant gift after payment.","Cross-Chassis Upgrade (CCU) | Vulcan → Corsair

Type: Standard Edition
Insurance: No Insurance
Condition: Unapplied — ready to gift
Transfer: Safe, instant gift on Star Hangar after payment confirmation

This CCU converts your pledged Vulcan into a Corsair without losing your existing insurance or perks.
All sales are final. Gift sent within minutes of confirmed payment.",48.99,1,no ins.,regular,Corsair,49.99,9,"Seller: WildKarrdes Emporium
                            
                                                                                                                            
                                        
        
        
            
            
                What's this?
                Customers rate this seller 4.5+ out of 5 on average, based on at least 50 ratings.
            
        
    
    
        
        
            
            
                What's this?
                Delivery is guaranteed within 24 hours. This seller averages under 4 hours across 10+ recent orders.",15.00,33.99,Vulcan,Corsair,0,200,250
Upgrade - F7C-M Super Hornet Heartseeker to Defender Warbond Edition,"CCU: F7C-M Super Hornet Heartseeker Mk I → Defender | Unapplied, instant gift after payment.","Cross-Chassis Upgrade (CCU) | F7C-M Super Hornet Heartseeker Mk I → Defender

Type: Warbond Edition — purchased directly with real money (not store credit)
Insurance: No Insurance
Condition: Unapplied — ready to gift
Transfer: Safe, instant gift on Star Hangar after payment confirmation

This CCU converts your pledged F7C-M Super Hornet Heartseeker Mk I into a Defender without losing your existing insurance or perks.
All sales are final. Gift sent within minutes of confirmed payment.",27.62,2,no ins.,warbond,Defender,28.62,6,"Seller: ErisSpaceStore
                            
                                                                                                                            
                                        
        
        
            
            
                What's this?
                Customers rate this seller 4.5+ out of 5 on average, based on at least 50 ratings.
            
        
    
    
        
        
            
            
                What's this?
                Delivery is guaranteed within 24 hours. This seller averages under 4 hours across 10+ recent orders.
            
        
    
    
        
        
            
            
                What's this?
                Crown-rated seller: 4.8+ average customer rating and under 2h average delivery time. Delivery is guaranteed within 24 hours.",5.00,22.62,F7C-M Super Hornet Heartseeker Mk I,Defender,0,200,220
Upgrade - Constellation Taurus to Defender Warbond Edition,"CCU: Constellation Taurus → Defender | Unapplied, instant gift after payment.","Cross-Chassis Upgrade (CCU) | Constellation Taurus → Defender

Type: Warbond Edition — purchased directly with real money (not store credit)
Insurance: No Insurance
Condition: Unapplied — ready to gift
Transfer: Safe, instant gift on Star Hangar after payment confirmation

This CCU converts your pledged Constellation Taurus into a Defender without losing your existing insurance or perks.
All sales are final. Gift sent within minutes of confirmed payment.",27.63,1,no ins.,warbond,Defender,28.63,10,"Seller: Discount Store
                            
                                                                                                                            
                                        
        
        
            
            
                What's this?
                Customers rate this seller 4.5+ out of 5 on average, based on at least 50 ratings.
            
        
    
    
        
        
            
            
                What's this?
                Delivery is guaranteed within 24 hours. This seller averages under 4 hours across 10+ recent orders.",10.00,17.63,Constellation Taurus,Defender,0,200,220
Upgrade - Cutlass Red to F7C-R Hornet Tracker Standard Edition,"CCU: Cutlass Red → F7C-R Hornet Tracker Mk I | Unapplied, instant gift after payment.","Cross-Chassis Upgrade (CCU) | Cutlass Red → F7C-R Hornet Tracker Mk I

Type: Standard Edition
Insurance: No Insurance
Condition: Unapplied — ready to gift
Transfer: Safe, instant gift on Star Hangar after payment confirmation

This CCU converts your pledged Cutlass Red into a F7C-R Hornet Tracker Mk I without losing your existing insurance or perks.
All sales are final. Gift sent within minutes of confirmed payment.",28.52,1,no ins.,regular,F7C-R Hornet Tracker Mk I,29.52,4,"Seller: NORDIC SHIP SHOP
                            
                                                                                                                            
                                        
        
        
            
            
                What's this?
                Customers rate this seller 4.5+ out of 5 on average, based on at least 50 ratings.
            
        
    
    
        
        
            
            
                What's this?
                Delivery is guaranteed within 24 hours. This seller averages under 4 hours across 10+ recent orders.",5.00,23.52,Cutlass Red,F7C-R Hornet Tracker Mk I,0,135,150
Upgrade - Prospector to F7C-R Hornet Tracker Mk II Warbond Edition,"CCU: Prospector → F7C-R Hornet Tracker Mk II | 120-mo ins. | Unapplied, instant gift after payment.","Cross-Chassis Upgrade (CCU) | Prospector → F7C-R Hornet Tracker Mk II

Type: Warbond Edition — purchased directly with real money (not store credit)
Insurance: 120-Month Insurance
Condition: Unapplied — ready to gift
Transfer: Safe, instant gift on Star Hangar after payment confirmation

This CCU converts your pledged Prospector into a F7C-R Hornet Tracker Mk II without losing your existing insurance or perks.
All sales are final. Gift sent within minutes of confirmed payment.",19.00,2,120 months,warbond,F7C-R Hornet Tracker Mk II,20.00,5,Seller: Blackrock Exchange,10.00,9.00,Prospector,F7C-R Hornet Tracker Mk II,120,155,185
Upgrade - Legionnaire to F7C-S Hornet Ghost Standard Edition,"CCU: Legionnaire → F7C-S Hornet Ghost Mk I | Unapplied, instant gift after payment.","Cross-Chassis Upgrade (CCU) | Legionnaire → F7C-S Hornet Ghost Mk I

Type: Standard Edition
Insurance: No Insurance
Condition: Unapplied — ready to gift
Transfer: Safe, instant gift on Star Hangar after payment confirmation

This CCU converts your pledged Legionnaire into a F7C-S Hornet Ghost Mk I without losing your existing insurance or perks.
All sales are final. Gift sent within minutes of confirmed payment.",63.89,1,no ins.,regular,F7C-S Hornet Ghost Mk I,64.89,2,"Seller: warbondcentral
                            
                                                                                                                            
                                        
        
        
            
            
                What's this?
                Customers rate this seller 4.5+ out of 5 on average, based on at least 50 ratings.",5.00,58.89,Legionnaire,F7C-S Hornet Ghost Mk I,0,120,140
Upgrade - Prospector to F7C-S Hornet Ghost Mk II Warbond Edition,"CCU: Prospector → F7C-S Hornet Ghost Mk II | Unapplied, instant gift after payment.","Cross-Chassis Upgrade (CCU) | Prospector → F7C-S Hornet Ghost Mk II

Type: Warbond Edition — purchased directly with real money (not store credit)
Insurance: No Insurance
Condition: Unapplied — ready to gift
Transfer: Safe, instant gift on Star Hangar after payment confirmation

This CCU converts your pledged Prospector into a F7C-S Hornet Ghost Mk II without losing your existing insurance or perks.
All sales are final. Gift sent within minutes of confirmed payment.",19.00,2,no ins.,warbond,F7C-S Hornet Ghost Mk II,20.00,5,Seller: Blackrock Exchange,10.00,9.00,Prospector,F7C-S Hornet Ghost Mk II,0,155,185
Upgrade - Reliant Mako to Freelancer Warbond Edition,"CCU: Reliant Mako → Freelancer | Unapplied, instant gift after payment.","Cross-Chassis Upgrade (CCU) | Reliant Mako → Freelancer

Type: Warbond Edition — purchased directly with real money (not store credit)
Insurance: No Insurance
Condition: Unapplied — ready to gift
Transfer: Safe, instant gift on Star Hangar after payment confirmation

This CCU converts your pledged Reliant Mako into a Freelancer without losing your existing insurance or perks.
All sales are final. Gift sent within minutes of confirmed payment.",18.99,1,no ins.,warbond,Freelancer,19.99,9,"Seller: Stanton Shipyard
                            
                                                                                                                            
                                        
        
        
            
            
                What's this?
                Customers rate this seller 4.5+ out of 5 on average, based on at least 50 ratings.",5.00,13.99,Reliant Mako,Freelancer,0,95,110
Upgrade - Mantis to Gladiator Warbond Edition,"CCU: Mantis → Gladiator | 120-mo ins. | Unapplied, instant gift after payment.","Cross-Chassis Upgrade (CCU) | Mantis → Gladiator

Type: Warbond Edition — purchased directly with real money (not store credit)
Insurance: 120-Month Insurance
Condition: Unapplied — ready to gift
Transfer: Safe, instant gift on Star Hangar after payment confirmation

This CCU converts your pledged Mantis into a Gladiator without losing your existing insurance or perks.
All sales are final. Gift sent within minutes of confirmed payment.",21.95,2,120 months,warbond,Gladiator,22.95,8,"Seller: Star Ship Shop
                            
                                                                                                                            
                                        
        
        
            
            
                What's this?
                Customers rate this seller 4.5+ out of 5 on average, based on at least 50 ratings.
            
        
    
    
        
        
            
            
                What's this?
                Delivery is guaranteed within 24 hours. This seller averages under 4 hours across 10+ recent orders.
            
        
    
    
        
        
            
            
                What's this?
                Crown-rated seller: 4.8+ average customer rating and under 2h average delivery time. Delivery is guaranteed within 24 hours.",5.00,16.95,Mantis,Gladiator,120,150,165
Upgrade - Railen to Guardian Warbond Edition,"CCU: Railen → Guardian | Unapplied, instant gift after payment.","Cross-Chassis Upgrade (CCU) | Railen → Guardian

Type: Warbond Edition — purchased directly with real money (not store credit)
Insurance: No Insurance
Condition: Unapplied — ready to gift
Transfer: Safe, instant gift on Star Hangar after payment confirmation

This CCU converts your pledged Railen into a Guardian without losing your existing insurance or perks.
All sales are final. Gift sent within minutes of confirmed payment.",9.99,2,no ins.,warbond,Guardian,10.99,8,"Seller: ErisSpaceStore
                            
                                                                                                                            
                                        
        
        
            
            
                What's this?
                Customers rate this seller 4.5+ out of 5 on average, based on at least 50 ratings.
            
        
    
    
        
        
            
            
                What's this?
                Delivery is guaranteed within 24 hours. This seller averages under 4 hours across 10+ recent orders.
            
        
    
    
        
        
            
            
                What's this?
                Crown-rated seller: 4.8+ average customer rating and under 2h average delivery time. Delivery is guaranteed within 24 hours.",5.00,4.99,Railen,Guardian,0,225,250
Upgrade - Vanguard Warden to Guardian MX Warbond Edition,"CCU: Vanguard Warden → Guardian MX | 120-mo ins. | Unapplied, instant gift after payment.","Cross-Chassis Upgrade (CCU) | Vanguard Warden → Guardian MX

Type: Warbond Edition — purchased directly with real money (not store credit)
Insurance: 120-Month Insurance
Condition: Unapplied — ready to gift
Transfer: Safe, instant gift on Star Hangar after payment confirmation

This CCU converts your pledged Vanguard Warden into a Guardian MX without losing your existing insurance or perks.
All sales are final. Gift sent within minutes of confirmed payment.",14.00,1,120 months,warbond,Guardian MX,15.00,10,"Seller: L4ndry
                            
                                                                                                                            
                                        
        
        
            
            
                What's this?
                Delivery is guaranteed within 24 hours. This seller averages under 4 hours across 10+ recent orders.",10.00,4.00,Vanguard Warden,Guardian MX,120,260,290
Upgrade - Cutlass Steel to Guardian QI Warbond Edition,"CCU: Cutlass Steel → Guardian QI | Unapplied, instant gift after payment.","Cross-Chassis Upgrade (CCU) | Cutlass Steel → Guardian QI

Type: Warbond Edition — purchased directly with real money (not store credit)
Insurance: No Insurance
Condition: Unapplied — ready to gift
Transfer: Safe, instant gift on Star Hangar after payment confirmation

This CCU converts your pledged Cutlass Steel into a Guardian QI without losing your existing insurance or perks.
All sales are final. Gift sent within minutes of confirmed payment.",18.99,2,no ins.,warbond,Guardian QI,19.99,6,"Seller: NORDIC SHIP SHOP
                            
                                                                                                                            
                                        
        
        
            
            
                What's this?
                Customers rate this seller 4.5+ out of 5 on average, based on at least 50 ratings.
            
        
    
    
        
        
            
            
                What's this?
                Delivery is guaranteed within 24 hours. This seller averages under 4 hours across 10+ recent orders.",5.00,13.99,Cutlass Steel,Guardian QI,0,235,260
Upgrade - Constellation Taurus to Hurricane Standard Edition,"CCU: Constellation Taurus → Hurricane | Unapplied, instant gift after payment.","Cross-Chassis Upgrade (CCU) | Constellation Taurus → Hurricane

Type: Standard Edition
Insurance: No Insurance
Condition: Unapplied — ready to gift
Transfer: Safe, instant gift on Star Hangar after payment confirmation

This CCU converts your pledged Constellation Taurus into a Hurricane without losing your existing insurance or perks.
All sales are final. Gift sent within minutes of confirmed payment.",13.35,1,no ins.,regular,Hurricane,14.35,9,"Seller: Drake Store
                            
                                                                                                                            
                                        
        
        
            
            
                What's this?
                Customers rate this seller 4.5+ out of 5 on average, based on at least 50 ratings.",5.00,8.35,Constellation Taurus,Hurricane,0,200,210
Upgrade - Prowler to Ironclad Standard Edition,"CCU: Prowler → Ironclad | Unapplied, instant gift after payment.","Cross-Chassis Upgrade (CCU) | Prowler → Ironclad

Type: Standard Edition
Insurance: No Insurance
Condition: Unapplied — ready to gift
Transfer: Safe, instant gift on Star Hangar after payment confirmation

This CCU converts your pledged Prowler into a Ironclad without losing your existing insurance or perks.
All sales are final. Gift sent within minutes of confirmed payment.",21.81,10,no ins.,regular,Ironclad,22.81,8,"Seller: MightsStore
                            
                                                                                                                            
                                        
        
        
            
            
                What's this?
                Customers rate this seller 4.5+ out of 5 on average, based on at least 50 ratings.
            
        
    
    
        
        
            
            
                What's this?
                Delivery is guaranteed within 24 hours. This seller averages under 4 hours across 10+ recent orders.
            
        
    
    
        
        
            
            
                What's this?
                Crown-rated seller: 4.8+ average customer rating and under 2h average delivery time. Delivery is guaranteed within 24 hours.",10.00,11.81,Prowler,Ironclad,0,440,450
Upgrade - M2 Hercules to Ironclad Assault Standard Edition,"CCU: M2 Hercules → Ironclad Assault | Unapplied, instant gift after payment.","Cross-Chassis Upgrade (CCU) | M2 Hercules → Ironclad Assault

Type: Standard Edition
Insurance: No Insurance
Condition: Unapplied — ready to gift
Transfer: Safe, instant gift on Star Hangar after payment confirmation

This CCU converts your pledged M2 Hercules into a Ironclad Assault without losing your existing insurance or perks.
All sales are final. Gift sent within minutes of confirmed payment.",23.00,8,no ins.,regular,Ironclad Assault,24.00,8,Seller: Humble Provisions,15.00,8.00,M2 Hercules,Ironclad Assault,0,520,535
Upgrade - Liberator to Merchantman Warbond Edition,"CCU: Liberator → Merchantman | Unapplied, instant gift after payment.","Cross-Chassis Upgrade (CCU) | Liberator → Merchantman

Type: Warbond Edition — purchased directly with real money (not store credit)
Insurance: No Insurance
Condition: Unapplied — ready to gift
Transfer: Safe, instant gift on Star Hangar after payment confirmation

This CCU converts your pledged Liberator into a Merchantman without losing your existing insurance or perks.
All sales are final. Gift sent within minutes of confirmed payment.",48.99,1,no ins.,warbond,Merchantman,49.99,10,"Seller: WildKarrdes Emporium
                            
                                                                                                                            
                                        
        
        
            
            
                What's this?
                Customers rate this seller 4.5+ out of 5 on average, based on at least 50 ratings.
            
        
    
    
        
        
            
            
                What's this?
                Delivery is guaranteed within 24 hours. This seller averages under 4 hours across 10+ recent orders.",25.00,23.99,Liberator,Merchantman,0,575,650
Upgrade - Cutlass Steel to Mercury Warbond Edition,"CCU: Cutlass Steel → Mercury | Unapplied, instant gift after payment.","Cross-Chassis Upgrade (CCU) | Cutlass Steel → Mercury

Type: Warbond Edition — purchased directly with real money (not store credit)
Insurance: No Insurance
Condition: Unapplied — ready to gift
Transfer: Safe, instant gift on Star Hangar after payment confirmation

This CCU converts your pledged Cutlass Steel into a Mercury without losing your existing insurance or perks.
All sales are final. Gift sent within minutes of confirmed payment.",28.98,3,no ins.,warbond,Mercury,29.98,10,"Seller: Game.Kingdom
                            
                                                                                                                            
                                        
        
        
            
            
                What's this?
                Customers rate this seller 4.5+ out of 5 on average, based on at least 50 ratings.
            
        
    
    
        
        
            
            
                What's this?
                Delivery is guaranteed within 24 hours. This seller averages under 4 hours across 10+ recent orders.",5.00,23.98,Cutlass Steel,Mercury,0,235,260
Upgrade - Cutlass Steel to Mercury Warbond Edition,"CCU: Cutlass Steel → Mercury | 120-mo ins. | Unapplied, instant gift after payment.","Cross-Chassis Upgrade (CCU) | Cutlass Steel → Mercury

Type: Warbond Edition — purchased directly with real money (not store credit)
Insurance: 120-Month Insurance
Condition: Unapplied — ready to gift
Transfer: Safe, instant gift on Star Hangar after payment confirmation

This CCU converts your pledged Cutlass Steel into a Mercury without losing your existing insurance or perks.
All sales are final. Gift sent within minutes of confirmed payment.",28.98,3,120 months,warbond,Mercury,29.98,10,"Seller: Game.Kingdom
                            
                                                                                                                            
                                        
        
        
            
            
                What's this?
                Customers rate this seller 4.5+ out of 5 on average, based on at least 50 ratings.
            
        
    
    
        
        
            
            
                What's this?
                Delivery is guaranteed within 24 hours. This seller averages under 4 hours across 10+ recent orders.",5.00,23.98,Cutlass Steel,Mercury,120,235,260
Upgrade - Cutlass Steel to Mercury BIS Warbond Edition,"CCU: Cutlass Steel → Mercury | 120-mo ins. | Unapplied, instant gift after payment.","Cross-Chassis Upgrade (CCU) | Cutlass Steel → Mercury

Type: Warbond Edition — purchased directly with real money (not store credit)
Insurance: 120-Month Insurance
Condition: Unapplied — ready to gift
Transfer: Safe, instant gift on Star Hangar after payment confirmation

This CCU converts your pledged Cutlass Steel into a Mercury without losing your existing insurance or perks.
All sales are final. Gift sent within minutes of confirmed payment.",28.98,3,120 months,warbond,Mercury,29.98,10,"Seller: Game.Kingdom
                            
                                                                                                                            
                                        
        
        
            
            
                What's this?
                Customers rate this seller 4.5+ out of 5 on average, based on at least 50 ratings.
            
        
    
    
        
        
            
            
                What's this?
                Delivery is guaranteed within 24 hours. This seller averages under 4 hours across 10+ recent orders.",5.00,23.98,Cutlass Steel,Mercury,120,235,260
Upgrade - Terrapin to Meteor Warbond Edition,"CCU: Terrapin → Meteor | 120-mo ins. | Unapplied, instant gift after payment.","Cross-Chassis Upgrade (CCU) | Terrapin → Meteor

Type: Warbond Edition — purchased directly with real money (not store credit)
Insurance: 120-Month Insurance
Condition: Unapplied — ready to gift
Transfer: Safe, instant gift on Star Hangar after payment confirmation

This CCU converts your pledged Terrapin into a Meteor without losing your existing insurance or perks.
All sales are final. Gift sent within minutes of confirmed payment.",38.89,1,120 months,warbond,Meteor,39.89,8,"Seller: warbondcentral
                            
                                                                                                                            
                                        
        
        
            
            
                What's this?
                Customers rate this seller 4.5+ out of 5 on average, based on at least 50 ratings.",20.00,18.89,Terrapin,Meteor,120,220,260
Upgrade - Vanguard Harbinger to MOLE Warbond Edition,"CCU: Vanguard Harbinger → MOLE | 120-mo ins. | Unapplied, instant gift after payment.","Cross-Chassis Upgrade (CCU) | Vanguard Harbinger → MOLE

Type: Warbond Edition — purchased directly with real money (not store credit)
Insurance: 120-Month Insurance
Condition: Unapplied — ready to gift
Transfer: Safe, instant gift on Star Hangar after payment confirmation

This CCU converts your pledged Vanguard Harbinger into a MOLE without losing your existing insurance or perks.
All sales are final. Gift sent within minutes of confirmed payment.",23.78,3,120 months,warbond,MOLE,24.78,5,"Seller: Chop Chop Ship Shop
                            
                                                                                                                            
                                        
        
        
            
            
                What's this?
                Customers rate this seller 4.5+ out of 5 on average, based on at least 50 ratings.",5.00,18.78,Vanguard Harbinger,MOLE,120,290,315
Upgrade - Vanguard Warden to Paladin Warbond Edition,"CCU: Vanguard Warden → Paladin | 120-mo ins. | Unapplied, instant gift after payment.","Cross-Chassis Upgrade (CCU) | Vanguard Warden → Paladin

Type: Warbond Edition — purchased directly with real money (not store credit)
Insurance: 120-Month Insurance
Condition: Unapplied — ready to gift
Transfer: Safe, instant gift on Star Hangar after payment confirmation

This CCU converts your pledged Vanguard Warden into a Paladin without losing your existing insurance or perks.
All sales are final. Gift sent within minutes of confirmed payment.",38.90,2,120 months,warbond,Paladin,39.90,10,"Seller: Star Ship Shop
                            
                                                                                                                            
                                        
        
        
            
            
                What's this?
                Customers rate this seller 4.5+ out of 5 on average, based on at least 50 ratings.
            
        
    
    
        
        
            
            
                What's this?
                Delivery is guaranteed within 24 hours. This seller averages under 4 hours across 10+ recent orders.
            
        
    
    
        
        
            
            
                What's this?
                Crown-rated seller: 4.8+ average customer rating and under 2h average delivery time. Delivery is guaranteed within 24 hours.",15.00,23.90,Vanguard Warden,Paladin,120,260,350
Upgrade - Merchantman to Perseus Standard Edition,"CCU: Merchantman → Perseus | Unapplied, instant gift after payment.","Cross-Chassis Upgrade (CCU) | Merchantman → Perseus

Type: Standard Edition
Insurance: No Insurance
Condition: Unapplied — ready to gift
Transfer: Safe, instant gift on Star Hangar after payment confirmation

This CCU converts your pledged Merchantman into a Perseus without losing your existing insurance or perks.
All sales are final. Gift sent within minutes of confirmed payment.",48.98,3,no ins.,regular,Perseus,49.98,10,"Seller: Chop Chop Ship Shop
                            
                                                                                                                            
                                        
        
        
            
            
                What's this?
                Customers rate this seller 4.5+ out of 5 on average, based on at least 50 ratings.",25.00,23.98,Merchantman,Perseus,0,650,800
Upgrade - Carrack to Perseus Warbond Edition,"CCU: Carrack → Perseus | 120-mo ins. | Unapplied, instant gift after payment.","Cross-Chassis Upgrade (CCU) | Carrack → Perseus

Type: Warbond Edition — purchased directly with real money (not store credit)
Insurance: 120-Month Insurance
Condition: Unapplied — ready to gift
Transfer: Safe, instant gift on Star Hangar after payment confirmation

This CCU converts your pledged Carrack into a Perseus without losing your existing insurance or perks.
All sales are final. Gift sent within minutes of confirmed payment.",65.95,4,120 months,warbond,Perseus,66.95,8,Seller: Razers Real Dealz,15.00,50.95,Carrack,Perseus,120,600,800
Upgrade - F7C-R Hornet Tracker to Prospector Warbond Edition,"CCU: F7C-R Hornet Tracker Mk I → Prospector | Unapplied, instant gift after payment.","Cross-Chassis Upgrade (CCU) | F7C-R Hornet Tracker Mk I → Prospector

Type: Warbond Edition — purchased directly with real money (not store credit)
Insurance: No Insurance
Condition: Unapplied — ready to gift
Transfer: Safe, instant gift on Star Hangar after payment confirmation

This CCU converts your pledged F7C-R Hornet Tracker Mk I into a Prospector without losing your existing insurance or perks.
All sales are final. Gift sent within minutes of confirmed payment.",19.00,5,no ins.,warbond,Prospector,20.00,4,Seller: Blackrock Exchange,5.00,14.00,F7C-R Hornet Tracker Mk I,Prospector,0,150,155
Upgrade - Reclaimer to Prowler Warbond Subscribers Edition,"CCU: Reclaimer → Prowler | 12-mo ins. | Unapplied, instant gift after payment.","Cross-Chassis Upgrade (CCU) | Reclaimer → Prowler

Type: Warbond Edition — purchased directly with real money (not store credit)
Insurance: 12-Month Insurance
Condition: Unapplied — ready to gift
Transfer: Safe, instant gift on Star Hangar after payment confirmation

This CCU converts your pledged Reclaimer into a Prowler without losing your existing insurance or perks.
All sales are final. Gift sent within minutes of confirmed payment.",56.08,2,12 months,warbond,Prowler,57.08,10,"Seller: WildKarrdes Emporium
                            
                                                                                                                            
                                        
        
        
            
            
                What's this?
                Customers rate this seller 4.5+ out of 5 on average, based on at least 50 ratings.
            
        
    
    
        
        
            
            
                What's this?
                Delivery is guaranteed within 24 hours. This seller averages under 4 hours across 10+ recent orders.",10.00,46.08,Reclaimer,Prowler,12,400,440
Upgrade - L-22 Alpha Wolf to RAFT Standard Edition,"CCU: L-22 Alpha Wolf → RAFT | Unapplied, instant gift after payment.","Cross-Chassis Upgrade (CCU) | L-22 Alpha Wolf → RAFT

Type: Standard Edition
Insurance: No Insurance
Condition: Unapplied — ready to gift
Transfer: Safe, instant gift on Star Hangar after payment confirmation

This CCU converts your pledged L-22 Alpha Wolf into a RAFT without losing your existing insurance or perks.
All sales are final. Gift sent within minutes of confirmed payment.",38.97,5,no ins.,regular,RAFT,39.97,7,"Seller: Star Ship Shop
                            
                                                                                                                            
                                        
        
        
            
            
                What's this?
                Customers rate this seller 4.5+ out of 5 on average, based on at least 50 ratings.
            
        
    
    
        
        
            
            
                What's this?
                Delivery is guaranteed within 24 hours. This seller averages under 4 hours across 10+ recent orders.
            
        
    
    
        
        
            
            
                What's this?
                Crown-rated seller: 4.8+ average customer rating and under 2h average delivery time. Delivery is guaranteed within 24 hours.",5.00,33.97,L-22 Alpha Wolf,RAFT,0,120,190
Upgrade - Defender to Railen Standard Edition,"CCU: Defender → Railen | Unapplied, instant gift after payment.","Cross-Chassis Upgrade (CCU) | Defender → Railen

Type: Standard Edition
Insurance: No Insurance
Condition: Unapplied — ready to gift
Transfer: Safe, instant gift on Star Hangar after payment confirmation

This CCU converts your pledged Defender into a Railen without losing your existing insurance or perks.
All sales are final. Gift sent within minutes of confirmed payment.",8.10,5,no ins.,regular,Railen,9.10,10,"Seller: NORDIC SHIP SHOP
                            
                                                                                                                            
                                        
        
        
            
            
                What's this?
                Customers rate this seller 4.5+ out of 5 on average, based on at least 50 ratings.
            
        
    
    
        
        
            
            
                What's this?
                Delivery is guaranteed within 24 hours. This seller averages under 4 hours across 10+ recent orders.",5.00,3.10,Defender,Railen,0,220,225
Upgrade - Starfarer to Redeemer Warbond Edition,"CCU: Starfarer → Redeemer | 120-mo ins. | Unapplied, instant gift after payment.","Cross-Chassis Upgrade (CCU) | Starfarer → Redeemer

Type: Warbond Edition — purchased directly with real money (not store credit)
Insurance: 120-Month Insurance
Condition: Unapplied — ready to gift
Transfer: Safe, instant gift on Star Hangar after payment confirmation

This CCU converts your pledged Starfarer into a Redeemer without losing your existing insurance or perks.
All sales are final. Gift sent within minutes of confirmed payment.",12.89,10,120 months,warbond,Redeemer,13.89,7,"Seller: ErisSpaceStore
                            
                                                                                                                            
                                        
        
        
            
            
                What's this?
                Customers rate this seller 4.5+ out of 5 on average, based on at least 50 ratings.
            
        
    
    
        
        
            
            
                What's this?
                Delivery is guaranteed within 24 hours. This seller averages under 4 hours across 10+ recent orders.
            
        
    
    
        
        
            
            
                What's this?
                Crown-rated seller: 4.8+ average customer rating and under 2h average delivery time. Delivery is guaranteed within 24 hours.",10.00,2.89,Starfarer,Redeemer,120,300,330
Upgrade - Razor to Retaliator Standard Edition,"CCU: Razor → Retaliator | Unapplied, instant gift after payment.","Cross-Chassis Upgrade (CCU) | Razor → Retaliator

Type: Standard Edition
Insurance: No Insurance
Condition: Unapplied — ready to gift
Transfer: Safe, instant gift on Star Hangar after payment confirmation

This CCU converts your pledged Razor into a Retaliator without losing your existing insurance or perks.
All sales are final. Gift sent within minutes of confirmed payment.",27.40,3,no ins.,regular,Retaliator,28.40,8,"Seller: zyronis
                            
                                                                                                                            
                                        
        
        
            
            
                What's this?
                Delivery is guaranteed within 24 hours. This seller averages under 4 hours across 10+ recent orders.",5.00,22.40,Razor,Retaliator,0,145,175
Upgrade - A1 Spirit  to San'tok.yāi Warbond Edition,"CCU: A1 Spirit → San'tok.yāi | 120-mo ins. | Unapplied, instant gift after payment.","Cross-Chassis Upgrade (CCU) | A1 Spirit → San'tok.yāi

Type: Warbond Edition — purchased directly with real money (not store credit)
Insurance: 120-Month Insurance
Condition: Unapplied — ready to gift
Transfer: Safe, instant gift on Star Hangar after payment confirmation

This CCU converts your pledged A1 Spirit into a San'tok.yāi without losing your existing insurance or perks.
All sales are final. Gift sent within minutes of confirmed payment.",23.95,3,120 months,warbond,San'tok.yāi,24.95,8,"Seller: Chop Chop Ship Shop
                            
                                                                                                                            
                                        
        
        
            
            
                What's this?
                Customers rate this seller 4.5+ out of 5 on average, based on at least 50 ratings.",5.00,18.95,A1 Spirit,San'tok.yāi,120,200,240
Upgrade - Hurricane to Scorpius BIS Warbond Edition,"CCU: Hurricane → Scorpius | 120-mo ins. | Unapplied, instant gift after payment.","Cross-Chassis Upgrade (CCU) | Hurricane → Scorpius

Type: Warbond Edition — purchased directly with real money (not store credit)
Insurance: 120-Month Insurance
Condition: Unapplied — ready to gift
Transfer: Safe, instant gift on Star Hangar after payment confirmation

This CCU converts your pledged Hurricane into a Scorpius without losing your existing insurance or perks.
All sales are final. Gift sent within minutes of confirmed payment.",26.00,2,120 months,warbond,Scorpius,24.99,10,"Seller: WildKarrdes Emporium
                            
                                                                                                                            
                                        
        
        
            
            
                What's this?
                Customers rate this seller 4.5+ out of 5 on average, based on at least 50 ratings.
            
        
    
    
        
        
            
            
                What's this?
                Delivery is guaranteed within 24 hours. This seller averages under 4 hours across 10+ recent orders.",25.00,1.00,Hurricane,Scorpius,120,210,240
Upgrade - Vulcan to Scorpius BIS Warbond Edition,"CCU: Vulcan → Scorpius | 120-mo ins. | Unapplied, instant gift after payment.","Cross-Chassis Upgrade (CCU) | Vulcan → Scorpius

Type: Warbond Edition — purchased directly with real money (not store credit)
Insurance: 120-Month Insurance
Condition: Unapplied — ready to gift
Transfer: Safe, instant gift on Star Hangar after payment confirmation

This CCU converts your pledged Vulcan into a Scorpius without losing your existing insurance or perks.
All sales are final. Gift sent within minutes of confirmed payment.",33.99,2,120 months,warbond,Scorpius,34.99,10,"Seller: WildKarrdes Emporium
                            
                                                                                                                            
                                        
        
        
            
            
                What's this?
                Customers rate this seller 4.5+ out of 5 on average, based on at least 50 ratings.
            
        
    
    
        
        
            
            
                What's this?
                Delivery is guaranteed within 24 hours. This seller averages under 4 hours across 10+ recent orders.",20.00,13.99,Vulcan,Scorpius,120,200,240
Upgrade - Razor to SRV Standard Edition,"CCU: Razor → SRV | Unapplied, instant gift after payment.","Cross-Chassis Upgrade (CCU) | Razor → SRV

Type: Standard Edition
Insurance: No Insurance
Condition: Unapplied — ready to gift
Transfer: Safe, instant gift on Star Hangar after payment confirmation

This CCU converts your pledged Razor into a SRV without losing your existing insurance or perks.
All sales are final. Gift sent within minutes of confirmed payment.",13.92,3,no ins.,regular,SRV,14.92,8,"Seller: Deonlydon
                            
                                                                                                                            
                                        
        
        
            
            
                What's this?
                Customers rate this seller 4.5+ out of 5 on average, based on at least 50 ratings.
            
        
    
    
        
        
            
            
                What's this?
                Delivery is guaranteed within 24 hours. This seller averages under 4 hours across 10+ recent orders.",5.00,8.92,Razor,SRV,0,145,165
Upgrade - Paladin to Starfarer Gemini Warbond Edition,"CCU: Paladin → Starfarer Gemini | 120-mo ins. | Unapplied, instant gift after payment.","Cross-Chassis Upgrade (CCU) | Paladin → Starfarer Gemini

Type: Warbond Edition — purchased directly with real money (not store credit)
Insurance: 120-Month Insurance
Condition: Unapplied — ready to gift
Transfer: Safe, instant gift on Star Hangar after payment confirmation

This CCU converts your pledged Paladin into a Starfarer Gemini without losing your existing insurance or perks.
All sales are final. Gift sent within minutes of confirmed payment.",18.14,1,120 months,warbond,Starfarer Gemini,19.14,7,"Seller: Star Ship Shop
                            
                                                                                                                            
                                        
        
        
            
            
                What's this?
                Customers rate this seller 4.5+ out of 5 on average, based on at least 50 ratings.
            
        
    
    
        
        
            
            
                What's this?
                Delivery is guaranteed within 24 hours. This seller averages under 4 hours across 10+ recent orders.
            
        
    
    
        
        
            
            
                What's this?
                Crown-rated seller: 4.8+ average customer rating and under 2h average delivery time. Delivery is guaranteed within 24 hours.",15.00,3.14,Paladin,Starfarer Gemini,120,350,340
Upgrade - Eclipse to Starfarer Gemini Warbond Edition,"CCU: Eclipse → Starfarer Gemini | 120-mo ins. | Unapplied, instant gift after payment.","Cross-Chassis Upgrade (CCU) | Eclipse → Starfarer Gemini

Type: Warbond Edition — purchased directly with real money (not store credit)
Insurance: 120-Month Insurance
Condition: Unapplied — ready to gift
Transfer: Safe, instant gift on Star Hangar after payment confirmation

This CCU converts your pledged Eclipse into a Starfarer Gemini without losing your existing insurance or perks.
All sales are final. Gift sent within minutes of confirmed payment.",28.70,2,120 months,warbond,Starfarer Gemini,29.70,9,"Seller: ErisSpaceStore
                            
                                                                                                                            
                                        
        
        
            
            
                What's this?
                Customers rate this seller 4.5+ out of 5 on average, based on at least 50 ratings.
            
        
    
    
        
        
            
            
                What's this?
                Delivery is guaranteed within 24 hours. This seller averages under 4 hours across 10+ recent orders.
            
        
    
    
        
        
            
            
                What's this?
                Crown-rated seller: 4.8+ average customer rating and under 2h average delivery time. Delivery is guaranteed within 24 hours.",15.00,13.70,Eclipse,Starfarer Gemini,120,300,340
Upgrade - Terrapin Medic to Starlancer MAX Warbond Edition,"CCU: Terrapin Medic → Starlancer MAX | Unapplied, instant gift after payment.","Cross-Chassis Upgrade (CCU) | Terrapin Medic → Starlancer MAX

Type: Warbond Edition — purchased directly with real money (not store credit)
Insurance: No Insurance
Condition: Unapplied — ready to gift
Transfer: Safe, instant gift on Star Hangar after payment confirmation

This CCU converts your pledged Terrapin Medic into a Starlancer MAX without losing your existing insurance or perks.
All sales are final. Gift sent within minutes of confirmed payment.",17.12,4,no ins.,warbond,Starlancer MAX,18.12,10,"Seller: Deonlydon
                            
                                                                                                                            
                                        
        
        
            
            
                What's this?
                Customers rate this seller 4.5+ out of 5 on average, based on at least 50 ratings.
            
        
    
    
        
        
            
            
                What's this?
                Delivery is guaranteed within 24 hours. This seller averages under 4 hours across 10+ recent orders.",5.00,12.12,Terrapin Medic,Starlancer MAX,0,220,250
Upgrade - Terrapin to Starlancer MAX Warbond Edition,"CCU: Terrapin → Starlancer MAX | Unapplied, instant gift after payment.","Cross-Chassis Upgrade (CCU) | Terrapin → Starlancer MAX

Type: Warbond Edition — purchased directly with real money (not store credit)
Insurance: No Insurance
Condition: Unapplied — ready to gift
Transfer: Safe, instant gift on Star Hangar after payment confirmation

This CCU converts your pledged Terrapin into a Starlancer MAX without losing your existing insurance or perks.
All sales are final. Gift sent within minutes of confirmed payment.",17.12,5,no ins.,warbond,Starlancer MAX,18.12,9,"Seller: Deonlydon
                            
                                                                                                                            
                                        
        
        
            
            
                What's this?
                Customers rate this seller 4.5+ out of 5 on average, based on at least 50 ratings.
            
        
    
    
        
        
            
            
                What's this?
                Delivery is guaranteed within 24 hours. This seller averages under 4 hours across 10+ recent orders.",5.00,12.12,Terrapin,Starlancer MAX,0,220,250
Upgrade - Caterpillar to Starlancer TAC Warbond Edition,"CCU: Caterpillar → Starlancer TAC | 120-mo ins. | Unapplied, instant gift after payment.","Cross-Chassis Upgrade (CCU) | Caterpillar → Starlancer TAC

Type: Warbond Edition — purchased directly with real money (not store credit)
Insurance: 120-Month Insurance
Condition: Unapplied — ready to gift
Transfer: Safe, instant gift on Star Hangar after payment confirmation

This CCU converts your pledged Caterpillar into a Starlancer TAC without losing your existing insurance or perks.
All sales are final. Gift sent within minutes of confirmed payment.",55.65,2,120 months,warbond,Starlancer TAC,56.65,8,"Seller: Chaos Industries
                            
                                                                                                                            
                                        
        
        
            
            
                What's this?
                Customers rate this seller 4.5+ out of 5 on average, based on at least 50 ratings.",10.00,45.65,Caterpillar,Starlancer TAC,120,330,375
Upgrade - MOLE to Starlancer TAC Standard Edition,"CCU: MOLE → Starlancer TAC | Unapplied, instant gift after payment.","Cross-Chassis Upgrade (CCU) | MOLE → Starlancer TAC

Type: Standard Edition
Insurance: No Insurance
Condition: Unapplied — ready to gift
Transfer: Safe, instant gift on Star Hangar after payment confirmation

This CCU converts your pledged MOLE into a Starlancer TAC without losing your existing insurance or perks.
All sales are final. Gift sent within minutes of confirmed payment.",58.87,5,no ins.,regular,Starlancer TAC,59.87,9,"Seller: NORDIC SHIP SHOP
                            
                                                                                                                            
                                        
        
        
            
            
                What's this?
                Customers rate this seller 4.5+ out of 5 on average, based on at least 50 ratings.
            
        
    
    
        
        
            
            
                What's this?
                Delivery is guaranteed within 24 hours. This seller averages under 4 hours across 10+ recent orders.",15.00,43.87,MOLE,Starlancer TAC,0,315,375
Upgrade - Zeus Mk II MR to Terrapin Medic Warbond Edition,"CCU: Zeus Mk II MR → Terrapin Medic | 120-mo ins. | Unapplied, instant gift after payment.","Cross-Chassis Upgrade (CCU) | Zeus Mk II MR → Terrapin Medic

Type: Warbond Edition — purchased directly with real money (not store credit)
Insurance: 120-Month Insurance
Condition: Unapplied — ready to gift
Transfer: Safe, instant gift on Star Hangar after payment confirmation

This CCU converts your pledged Zeus Mk II MR into a Terrapin Medic without losing your existing insurance or perks.
All sales are final. Gift sent within minutes of confirmed payment.",19.59,1,120 months,warbond,Terrapin Medic,20.59,6,"Seller: ErisSpaceStore
                            
                                                                                                                            
                                        
        
        
            
            
                What's this?
                Customers rate this seller 4.5+ out of 5 on average, based on at least 50 ratings.
            
        
    
    
        
        
            
            
                What's this?
                Delivery is guaranteed within 24 hours. This seller averages under 4 hours across 10+ recent orders.
            
        
    
    
        
        
            
            
                What's this?
                Crown-rated seller: 4.8+ average customer rating and under 2h average delivery time. Delivery is guaranteed within 24 hours.",10.00,9.59,Zeus Mk II MR,Terrapin Medic,120,190,220
Upgrade - Starfarer Gemini to Valkyrie Warbond Edition,"CCU: Starfarer Gemini → Valkyrie | 120-mo ins. | Unapplied, instant gift after payment.","Cross-Chassis Upgrade (CCU) | Starfarer Gemini → Valkyrie

Type: Warbond Edition — purchased directly with real money (not store credit)
Insurance: 120-Month Insurance
Condition: Unapplied — ready to gift
Transfer: Safe, instant gift on Star Hangar after payment confirmation

This CCU converts your pledged Starfarer Gemini into a Valkyrie without losing your existing insurance or perks.
All sales are final. Gift sent within minutes of confirmed payment.",28.99,1,120 months,warbond,Valkyrie,29.99,2,"Seller: WildKarrdes Emporium
                            
                                                                                                                            
                                        
        
        
            
            
                What's this?
                Customers rate this seller 4.5+ out of 5 on average, based on at least 50 ratings.
            
        
    
    
        
        
            
            
                What's this?
                Delivery is guaranteed within 24 hours. This seller averages under 4 hours across 10+ recent orders.",10.00,18.99,Starfarer Gemini,Valkyrie,120,340,375
Upgrade - Starfarer Gemini to Valkyrie Warbond Edition,"CCU: Starfarer Gemini → Valkyrie | Unapplied, instant gift after payment.","Cross-Chassis Upgrade (CCU) | Starfarer Gemini → Valkyrie

Type: Warbond Edition — purchased directly with real money (not store credit)
Insurance: No Insurance
Condition: Unapplied — ready to gift
Transfer: Safe, instant gift on Star Hangar after payment confirmation

This CCU converts your pledged Starfarer Gemini into a Valkyrie without losing your existing insurance or perks.
All sales are final. Gift sent within minutes of confirmed payment.",28.99,4,no ins.,warbond,Valkyrie,29.99,2,"Seller: WildKarrdes Emporium
                            
                                                                                                                            
                                        
        
        
            
            
                What's this?
                Customers rate this seller 4.5+ out of 5 on average, based on at least 50 ratings.
            
        
    
    
        
        
            
            
                What's this?
                Delivery is guaranteed within 24 hours. This seller averages under 4 hours across 10+ recent orders.",10.00,18.99,Starfarer Gemini,Valkyrie,0,340,375
Upgrade - F7C-M Super Hornet Mk I to Vulcan Warbond Edition,"CCU: F7C-M Super Hornet Mk I → Vulcan | 120-mo ins. | Unapplied, instant gift after payment.","Cross-Chassis Upgrade (CCU) | F7C-M Super Hornet Mk I → Vulcan

Type: Warbond Edition — purchased directly with real money (not store credit)
Insurance: 120-Month Insurance
Condition: Unapplied — ready to gift
Transfer: Safe, instant gift on Star Hangar after payment confirmation

This CCU converts your pledged F7C-M Super Hornet Mk I into a Vulcan without losing your existing insurance or perks.
All sales are final. Gift sent within minutes of confirmed payment.",35.24,1,120 months,warbond,Vulcan,36.24,4,"Seller: Stanton Shipyard
                            
                                                                                                                            
                                        
        
        
            
            
                What's this?
                Customers rate this seller 4.5+ out of 5 on average, based on at least 50 ratings.",5.00,30.24,F7C-M Super Hornet Mk I,Vulcan,120,180,200
Upgrade - F7C-M Super Hornet Mk I to Zeus Mk II MR Standard Upgrade,"CCU: F7C-M Super Hornet Mk I → Zeus Mk II MR | Unapplied, instant gift after payment.","Cross-Chassis Upgrade (CCU) | F7C-M Super Hornet Mk I → Zeus Mk II MR

Type: Standard Edition
Insurance: No Insurance
Condition: Unapplied — ready to gift
Transfer: Safe, instant gift on Star Hangar after payment confirmation

This CCU converts your pledged F7C-M Super Hornet Mk I into a Zeus Mk II MR without losing your existing insurance or perks.
All sales are final. Gift sent within minutes of confirmed payment.",69.00,2,no ins.,regular,Zeus Mk II MR,70.00,1,"Seller: Freedom Spaceships
                            
                                                                                                                            
                                        
        
        
            
            
                What's this?
                Customers rate this seller 4.5+ out of 5 on average, based on at least 50 ratings.
            
        
    
    
        
        
            
            
                What's this?
                Delivery is guaranteed within 24 hours. This seller averages under 4 hours across 10+ recent orders.
            
        
    
    
        
        
            
            
                What's this?
                Crown-rated seller: 4.8+ average customer rating and under 2h average delivery time. Delivery is guaranteed within 24 hours.",10.00,59.00,F7C-M Super Hornet Mk I,Zeus Mk II MR,0,180,190
Upgrade - 600i Touring to 600i Explorer Warbond Edition,"CCU: 600i Touring → 600i Explorer | 120-mo ins. | Unapplied, instant gift after payment.","Cross-Chassis Upgrade (CCU) | 600i Touring → 600i Explorer

Type: Warbond Edition — purchased directly with real money (not store credit)
Insurance: 120-Month Insurance
Condition: Unapplied — ready to gift
Transfer: Safe, instant gift on Star Hangar after payment confirmation

This CCU converts your pledged 600i Touring into a 600i Explorer without losing your existing insurance or perks.
All sales are final. Gift sent within minutes of confirmed payment.",SET MANUALLY,1,120 months,warbond,600i Explorer,none,0,,10.00,,600i Touring,600i Explorer,120,435,475
Upgrade - Aurora LX to C8X Pisces Expedition  BIS Warbond Edition,"CCU: Aurora Mk I LX → C8X Pisces Expedition | 120-mo ins. | Unapplied, instant gift after payment.","Cross-Chassis Upgrade (CCU) | Aurora Mk I LX → C8X Pisces Expedition

Type: Warbond Edition — purchased directly with real money (not store credit)
Insurance: 120-Month Insurance
Condition: Unapplied — ready to gift
Transfer: Safe, instant gift on Star Hangar after payment confirmation

This CCU converts your pledged Aurora Mk I LX into a C8X Pisces Expedition without losing your existing insurance or perks.
All sales are final. Gift sent within minutes of confirmed payment.",SET MANUALLY,1,120 months,warbond,C8X Pisces Expedition,none,0,,5.00,,Aurora Mk I LX,C8X Pisces Expedition,120,35,45
Upgrade - Starfarer to Caterpillar Warbond Edition,"CCU: Starfarer → Caterpillar | 120-mo ins. | Unapplied, instant gift after payment.","Cross-Chassis Upgrade (CCU) | Starfarer → Caterpillar

Type: Warbond Edition — purchased directly with real money (not store credit)
Insurance: 120-Month Insurance
Condition: Unapplied — ready to gift
Transfer: Safe, instant gift on Star Hangar after payment confirmation

This CCU converts your pledged Starfarer into a Caterpillar without losing your existing insurance or perks.
All sales are final. Gift sent within minutes of confirmed payment.",SET MANUALLY,3,120 months,warbond,Caterpillar,none,0,,5.00,,Starfarer,Caterpillar,120,300,330
Upgrade - Avenger Warlock to Hull A Standard Edition,"CCU: Avenger Warlock → Hull A | Unapplied, instant gift after payment.","Cross-Chassis Upgrade (CCU) | Avenger Warlock → Hull A

Type: Standard Edition
Insurance: No Insurance
Condition: Unapplied — ready to gift
Transfer: Safe, instant gift on Star Hangar after payment confirmation

This CCU converts your pledged Avenger Warlock into a Hull A without losing your existing insurance or perks.
All sales are final. Gift sent within minutes of confirmed payment.",SET MANUALLY,5,no ins.,regular,Hull A,none,0,,5.00,,Avenger Warlock,Hull A,0,85,100
Upgrade - Freelancer DUR to Hull B Standard Edition,"CCU: Freelancer DUR → Hull B | Unapplied, instant gift after payment.","Cross-Chassis Upgrade (CCU) | Freelancer DUR → Hull B

Type: Standard Edition
Insurance: No Insurance
Condition: Unapplied — ready to gift
Transfer: Safe, instant gift on Star Hangar after payment confirmation

This CCU converts your pledged Freelancer DUR into a Hull B without losing your existing insurance or perks.
All sales are final. Gift sent within minutes of confirmed payment.",SET MANUALLY,10,no ins.,regular,Hull B,none,0,,5.00,,Freelancer DUR,Hull B,0,135,280
Upgrade - Starfarer Gemini to Hull C Standard Edition,"CCU: Starfarer Gemini → Hull C | Unapplied, instant gift after payment.","Cross-Chassis Upgrade (CCU) | Starfarer Gemini → Hull C

Type: Standard Edition
Insurance: No Insurance
Condition: Unapplied — ready to gift
Transfer: Safe, instant gift on Star Hangar after payment confirmation

This CCU converts your pledged Starfarer Gemini into a Hull C without losing your existing insurance or perks.
All sales are final. Gift sent within minutes of confirmed payment.",SET MANUALLY,2,no ins.,regular,Hull C,none,0,,10.00,,Starfarer Gemini,Hull C,0,340,500
Upgrade - 600i Explorer to M2 Hercules Warbond Edition,"CCU: 600i Explorer → M2 Hercules | 120-mo ins. | Unapplied, instant gift after payment.","Cross-Chassis Upgrade (CCU) | 600i Explorer → M2 Hercules

Type: Warbond Edition — purchased directly with real money (not store credit)
Insurance: 120-Month Insurance
Condition: Unapplied — ready to gift
Transfer: Safe, instant gift on Star Hangar after payment confirmation

This CCU converts your pledged 600i Explorer into a M2 Hercules without losing your existing insurance or perks.
All sales are final. Gift sent within minutes of confirmed payment.",SET MANUALLY,1,120 months,warbond,M2 Hercules,none,0,,5.00,,600i Explorer,M2 Hercules,120,475,520
Upgrade - Vanguard Hoplite to Mercury BIS Warbond Edition,"CCU: Vanguard Hoplite → Mercury | 120-mo ins. | Unapplied, instant gift after payment.","Cross-Chassis Upgrade (CCU) | Vanguard Hoplite → Mercury

Type: Warbond Edition — purchased directly with real money (not store credit)
Insurance: 120-Month Insurance
Condition: Unapplied — ready to gift
Transfer: Safe, instant gift on Star Hangar after payment confirmation

This CCU converts your pledged Vanguard Hoplite into a Mercury without losing your existing insurance or perks.
All sales are final. Gift sent within minutes of confirmed payment.",SET MANUALLY,1,120 months,warbond,Mercury,none,0,,5.00,,Vanguard Hoplite,Mercury,120,240,260
Upgrade - Nova to RAFT Standard Edition,"CCU: Nova → RAFT | Unapplied, instant gift after payment.","Cross-Chassis Upgrade (CCU) | Nova → RAFT

Type: Standard Edition
Insurance: No Insurance
Condition: Unapplied — ready to gift
Transfer: Safe, instant gift on Star Hangar after payment confirmation

This CCU converts your pledged Nova into a RAFT without losing your existing insurance or perks.
All sales are final. Gift sent within minutes of confirmed payment.",SET MANUALLY,5,no ins.,regular,RAFT,none,0,,5.00,,Nova,RAFT,0,120,190
Upgrade - Prospector to Vulture Warbond Edition,"CCU: Prospector → Vulture | 120-mo ins. | Unapplied, instant gift after payment.","Cross-Chassis Upgrade (CCU) | Prospector → Vulture

Type: Warbond Edition — purchased directly with real money (not store credit)
Insurance: 120-Month Insurance
Condition: Unapplied — ready to gift
Transfer: Safe, instant gift on Star Hangar after payment confirmation

This CCU converts your pledged Prospector into a Vulture without losing your existing insurance or perks.
All sales are final. Gift sent within minutes of confirmed payment.",SET MANUALLY,5,120 months,warbond,Vulture,none,0,,5.00,,Prospector,Vulture,120,155,175
Upgrade - Prospector to Vulture Warbond Edition,"CCU: Prospector → Vulture | Unapplied, instant gift after payment.","Cross-Chassis Upgrade (CCU) | Prospector → Vulture

Type: Warbond Edition — purchased directly with real money (not store credit)
Insurance: No Insurance
Condition: Unapplied — ready to gift
Transfer: Safe, instant gift on Star Hangar after payment confirmation

This CCU converts your pledged Prospector into a Vulture without losing your existing insurance or perks.
All sales are final. Gift sent within minutes of confirmed payment.",SET MANUALLY,5,no ins.,warbond,Vulture,none,0,,5.00,,Prospector,Vulture,0,155,175
Upgrade - Razor to Zeus Mk II CL Standard Upgrade,"CCU: Razor → Zeus Mk II CL | Unapplied, instant gift after payment.","Cross-Chassis Upgrade (CCU) | Razor → Zeus Mk II CL

Type: Standard Edition
Insurance: No Insurance
Condition: Unapplied — ready to gift
Transfer: Safe, instant gift on Star Hangar after payment confirmation

This CCU converts your pledged Razor into a Zeus Mk II CL without losing your existing insurance or perks.
All sales are final. Gift sent within minutes of confirmed payment.",SET MANUALLY,1,no ins.,regular,Zeus Mk II CL,none,0,,5.00,,Razor,Zeus Mk II CL,0,145,175
Upgrade - Razor to Zeus Mk II ES Standard Upgrade,"CCU: Razor → Zeus Mk II ES | Unapplied, instant gift after payment.","Cross-Chassis Upgrade (CCU) | Razor → Zeus Mk II ES

Type: Standard Edition
Insurance: No Insurance
Condition: Unapplied — ready to gift
Transfer: Safe, instant gift on Star Hangar after payment confirmation

This CCU converts your pledged Razor into a Zeus Mk II ES without losing your existing insurance or perks.
All sales are final. Gift sent within minutes of confirmed payment.",SET MANUALLY,1,no ins.,regular,Zeus Mk II ES,none,0,,5.00,,Razor,Zeus Mk II ES,0,145,175
